Order ID,22,Exported Date,31/05/2023 1:06:28 pm,

Order Line ID,Parent Voucher Type,Voucher Type,Serial Number,Random Serial,Random Digits,Barcode,Booklet Identifier,PIN
45,98020,98020,1427,8727613,5925,9802087276135925,980200001427,NULL
45,98020,98020,1428,6872424,5722,9802068724245722,980200001428,NULL
45,98020,98020,1429,5960208,6445,9802059602086445,980200001429,NULL
45,98020,98020,1430,0662712,4180,9802006627124180,980200001430,NULL
45,98020,98020,1431,1519031,5158,9802015190315158,980200001431,NULL
45,98020,98020,1432,2716326,3059,9802027163263059,980200001432,NULL
45,98020,98020,1433,5179874,8987,9802051798748987,980200001433,NULL
45,98020,98020,1434,7060823,7189,9802070608237189,980200001434,NULL
45,98020,98020,1435,0338093,3618,9802003380933618,980200001435,NULL
45,98020,98020,1436,8423206,4208,9802084232064208,980200001436,NULL
45,98020,98020,1437,4979260,8314,9802049792608314,980200001437,NULL
45,98020,98020,1438,6773487,2475,9802067734872475,980200001438,NULL
45,98020,98020,1439,4143258,6299,9802041432586299,980200001439,NULL
45,98020,98020,1440,4510007,4488,9802045100074488,980200001440,NULL
45,98020,98020,1441,7756410,4485,9802077564104485,980200001441,NULL
45,98020,98020,1442,2900178,8321,9802029001788321,980200001442,NULL
45,98020,98020,1443,0961134,1877,9802009611341877,980200001443,NULL
45,98020,98020,1444,4142936,5665,9802041429365665,980200001444,NULL
45,98020,98020,1445,4063801,6788,9802040638016788,980200001445,NULL
45,98020,98020,1446,0625633,4209,9802006256334209,980200001446,NULL
45,98020,98020,1447,7743959,0124,9802077439590124,980200001447,NULL
45,98020,98020,1448,6698760,3579,9802066987603579,980200001448,NULL
45,98020,98020,1449,8383343,6377,9802083833436377,980200001449,NULL
45,98020,98020,1450,3477446,7681,9802034774467681,980200001450,NULL
45,98020,98020,1451,5576141,5441,9802055761415441,980200001451,NULL
45,98020,98020,1452,1811852,9272,9802018118529272,980200001452,NULL
45,98020,98020,1453,8866551,9539,9802088665519539,980200001453,NULL
45,98020,98020,1454,6985942,9339,9802069859429339,980200001454,NULL
45,98020,98020,1455,4752922,2367,9802047529222367,980200001455,NULL
45,98020,98020,1456,1780880,5570,9802017808805570,980200001456,NULL
45,98020,98020,1457,6844046,9192,9802068440469192,980200001457,NULL
45,98020,98020,1458,3664560,9334,9802036645609334,980200001458,NULL
45,98020,98020,1459,0140160,6189,9802001401606189,980200001459,NULL
45,98020,98020,1460,7620431,0197,9802076204310197,980200001460,NULL
45,98020,98020,1461,3088344,5428,9802030883445428,980200001461,NULL
45,98020,98020,1462,9738696,9923,9802097386969923,980200001462,NULL
45,98020,98020,1463,8167960,1757,9802081679601757,980200001463,NULL
45,98020,98020,1464,6392605,0475,9802063926050475,980200001464,NULL
45,98020,98020,1465,1706195,7084,9802017061957084,980200001465,NULL
45,98020,98020,1466,6326660,8122,9802063266608122,980200001466,NULL
45,98020,98020,1467,1971327,0189,9802019713270189,980200001467,NULL
45,98020,98020,1468,8762854,0749,9802087628540749,980200001468,NULL
45,98020,98020,1469,9647623,8603,9802096476238603,980200001469,NULL
45,98020,98020,1470,1519422,1311,9802015194221311,980200001470,NULL
45,98020,98020,1471,3551605,8936,9802035516058936,980200001471,NULL
45,98020,98020,1472,6375349,3491,9802063753493491,980200001472,NULL
45,98020,98020,1473,9691287,1330,9802096912871330,980200001473,NULL
45,98020,98020,1474,8312192,4381,9802083121924381,980200001474,NULL
45,98020,98020,1475,1547526,1978,9802015475261978,980200001475,NULL
45,98020,98020,1476,7958061,2137,9802079580612137,980200001476,NULL
45,98020,98020,1477,4840256,5708,9802048402565708,980200001477,NULL
45,98020,98020,1478,9465813,6091,9802094658136091,980200001478,NULL
45,98020,98020,1479,4036770,1568,9802040367701568,980200001479,NULL
45,98020,98020,1480,6592750,7023,9802065927507023,980200001480,NULL
45,98020,98020,1481,2126358,2039,9802021263582039,980200001481,NULL
45,98020,98020,1482,4179166,3259,9802041791663259,980200001482,NULL
45,98020,98020,1483,8320215,3363,9802083202153363,980200001483,NULL
45,98020,98020,1484,6089341,9675,9802060893419675,980200001484,NULL
45,98020,98020,1485,3060458,8688,9802030604588688,980200001485,NULL
45,98020,98020,1486,8101373,9883,9802081013739883,980200001486,NULL
45,98020,98020,1487,1565404,7644,9802015654047644,980200001487,NULL
45,98020,98020,1488,8053533,6558,9802080535336558,980200001488,NULL
45,98020,98020,1489,1720015,1284,9802017200151284,980200001489,NULL
45,98020,98020,1490,7510830,4181,9802075108304181,980200001490,NULL
45,98020,98020,1491,1994582,2435,9802019945822435,980200001491,NULL
45,98020,98020,1492,6505573,0124,9802065055730124,980200001492,NULL
45,98020,98020,1493,6321779,4864,9802063217794864,980200001493,NULL
45,98020,98020,1494,9485292,1975,9802094852921975,980200001494,NULL
45,98020,98020,1495,0955854,6611,9802009558546611,980200001495,NULL
45,98020,98020,1496,2151652,2733,9802021516522733,980200001496,NULL
45,98020,98020,1497,6427596,1171,9802064275961171,980200001497,NULL
45,98020,98020,1498,8140467,8047,9802081404678047,980200001498,NULL
45,98020,98020,1499,4667220,8546,9802046672208546,980200001499,NULL
45,98020,98020,1500,4841911,7295,9802048419117295,980200001500,NULL
45,98020,98020,1501,6539925,6927,9802065399256927,980200001501,NULL
45,98020,98020,1502,7776839,7620,9802077768397620,980200001502,NULL
45,98020,98020,1503,4538090,4859,9802045380904859,980200001503,NULL
45,98020,98020,1504,4776022,6598,9802047760226598,980200001504,NULL
45,98020,98020,1505,4091166,1565,9802040911661565,980200001505,NULL
45,98020,98020,1506,6401917,6094,9802064019176094,980200001506,NULL
45,98020,98020,1507,6529835,4856,9802065298354856,980200001507,NULL
45,98020,98020,1508,1246108,5206,9802012461085206,980200001508,NULL
45,98020,98020,1509,1079317,1330,9802010793171330,980200001509,NULL
45,98020,98020,1510,6284016,8256,9802062840168256,980200001510,NULL
45,98020,98020,1511,4881642,7750,9802048816427750,980200001511,NULL
45,98020,98020,1512,1069448,6407,9802010694486407,980200001512,NULL
45,98020,98020,1513,0527280,5895,9802005272805895,980200001513,NULL
45,98020,98020,1514,4598308,9892,9802045983089892,980200001514,NULL
45,98020,98020,1515,1829849,8561,9802018298498561,980200001515,NULL
45,98020,98020,1516,3496383,7645,9802034963837645,980200001516,NULL
45,98020,98020,1517,8131568,7152,9802081315687152,980200001517,NULL
45,98020,98020,1518,4109750,5337,9802041097505337,980200001518,NULL
45,98020,98020,1519,3804801,4161,9802038048014161,980200001519,NULL
45,98020,98020,1520,0859468,2638,9802008594682638,980200001520,NULL
45,98020,98020,1521,9069447,8554,9802090694478554,980200001521,NULL
45,98020,98020,1522,8628286,9873,9802086282869873,980200001522,NULL
45,98020,98020,1523,7716482,3419,9802077164823419,980200001523,NULL
45,98020,98020,1524,0506389,6111,9802005063896111,980200001524,NULL
45,98020,98020,1525,8088620,0403,9802080886200403,980200001525,NULL
45,98020,98020,1526,6960024,6776,9802069600246776,980200001526,NULL
45,98020,98020,1527,5941556,3473,9802059415563473,980200001527,NULL
45,98020,98020,1528,4499759,9111,9802044997599111,980200001528,NULL
45,98020,98020,1529,2117381,0249,9802021173810249,980200001529,NULL
45,98020,98020,1530,0305680,1230,9802003056801230,980200001530,NULL
45,98020,98020,1531,9184896,3327,9802091848963327,980200001531,NULL
45,98020,98020,1532,2340821,6135,9802023408216135,980200001532,NULL
45,98020,98020,1533,1877015,3866,9802018770153866,980200001533,NULL
45,98020,98020,1534,6679139,9323,9802066791399323,980200001534,NULL
45,98020,98020,1535,1411811,3191,9802014118113191,980200001535,NULL
45,98020,98020,1536,8964872,3586,9802089648723586,980200001536,NULL
45,98020,98020,1537,1416613,3836,9802014166133836,980200001537,NULL
45,98020,98020,1538,5620354,9813,9802056203549813,980200001538,NULL
45,98020,98020,1539,6532158,6938,9802065321586938,980200001539,NULL
45,98020,98020,1540,3908090,4863,9802039080904863,980200001540,NULL
45,98020,98020,1541,2655745,3227,9802026557453227,980200001541,NULL
45,98020,98020,1542,7051603,7275,9802070516037275,980200001542,NULL
45,98020,98020,1543,4257631,9430,9802042576319430,980200001543,NULL
45,98020,98020,1544,5881450,6281,9802058814506281,980200001544,NULL
45,98020,98020,1545,0527095,0412,9802005270950412,980200001545,NULL
45,98020,98020,1546,4317788,5506,9802043177885506,980200001546,NULL
45,98020,98020,1547,6519780,1767,9802065197801767,980200001547,NULL
45,98020,98020,1548,6876405,5841,9802068764055841,980200001548,NULL
45,98020,98020,1549,3969894,9441,9802039698949441,980200001549,NULL
45,98020,98020,1550,0760066,1016,9802007600661016,980200001550,NULL
45,98020,98020,1551,8095472,9994,9802080954729994,980200001551,NULL
45,98020,98020,1552,8479456,0510,9802084794560510,980200001552,NULL
45,98020,98020,1553,5025063,0584,9802050250630584,980200001553,NULL
45,98020,98020,1554,7663515,2408,9802076635152408,980200001554,NULL
45,98020,98020,1555,2617179,4659,9802026171794659,980200001555,NULL
45,98020,98020,1556,2262563,5945,9802022625635945,980200001556,NULL
45,98020,98020,1557,7961231,0130,9802079612310130,980200001557,NULL
45,98020,98020,1558,1093114,3217,9802010931143217,980200001558,NULL
45,98020,98020,1559,0285701,9737,9802002857019737,980200001559,NULL
45,98020,98020,1560,4694074,7887,9802046940747887,980200001560,NULL
45,98020,98020,1561,1706846,3748,9802017068463748,980200001561,NULL
45,98020,98020,1562,8439782,1723,9802084397821723,980200001562,NULL
45,98020,98020,1563,3389251,8086,9802033892518086,980200001563,NULL
45,98020,98020,1564,3055046,9404,9802030550469404,980200001564,NULL
45,98020,98020,1565,7671871,1922,9802076718711922,980200001565,NULL
45,98020,98020,1566,8586348,6115,9802085863486115,980200001566,NULL
45,98020,98020,1567,9629952,8354,9802096299528354,980200001567,NULL
45,98020,98020,1568,3689961,0095,9802036899610095,980200001568,NULL
45,98020,98020,1569,6018730,8568,9802060187308568,980200001569,NULL
45,98020,98020,1570,0492026,7087,9802004920267087,980200001570,NULL
45,98020,98020,1571,3758303,7264,9802037583037264,980200001571,NULL
45,98020,98020,1572,0246940,0861,9802002469400861,980200001572,NULL
45,98020,98020,1573,6270065,6291,9802062700656291,980200001573,NULL
45,98020,98020,1574,4931591,2680,9802049315912680,980200001574,NULL
45,98020,98020,1575,3545855,6061,9802035458556061,980200001575,NULL
45,98020,98020,1576,0195397,3136,9802001953973136,980200001576,NULL
45,98020,98020,1577,8204961,9362,9802082049619362,980200001577,NULL
45,98020,98020,1578,5092211,2847,9802050922112847,980200001578,NULL
45,98020,98020,1579,7544722,3373,9802075447223373,980200001579,NULL
45,98020,98020,1580,3942349,4325,9802039423494325,980200001580,NULL
45,98020,98020,1581,0414639,6199,9802004146396199,980200001581,NULL
45,98020,98020,1582,3757874,9220,9802037578749220,980200001582,NULL
45,98020,98020,1583,0970541,3103,9802009705413103,980200001583,NULL
45,98020,98020,1584,6698983,5989,9802066989835989,980200001584,NULL
45,98020,98020,1585,1635932,2670,9802016359322670,980200001585,NULL
45,98020,98020,1586,2461164,6407,9802024611646407,980200001586,NULL
45,98020,98020,1587,5219844,3534,9802052198443534,980200001587,NULL
45,98020,98020,1588,2926121,3861,9802029261213861,980200001588,NULL
45,98020,98020,1589,3499111,2433,9802034991112433,980200001589,NULL
45,98020,98020,1590,7398712,2758,9802073987122758,980200001590,NULL
45,98020,98020,1591,6870837,9190,9802068708379190,980200001591,NULL
45,98020,98020,1592,4500763,7650,9802045007637650,980200001592,NULL
45,98020,98020,1593,2401621,9677,9802024016219677,980200001593,NULL
45,98020,98020,1594,9844582,3994,9802098445823994,980200001594,NULL
45,98020,98020,1595,9942628,3349,9802099426283349,980200001595,NULL
45,98020,98020,1596,5480185,7027,9802054801857027,980200001596,NULL
45,98020,98020,1597,0433381,6694,9802004333816694,980200001597,NULL
45,98020,98020,1598,1465438,7175,9802014654387175,980200001598,NULL
45,98020,98020,1599,7109672,8325,9802071096728325,980200001599,NULL
45,98020,98020,1600,1989013,2780,9802019890132780,980200001600,NULL
45,98020,98020,1601,5540737,8144,9802055407378144,980200001601,NULL
45,98020,98020,1602,7125452,4672,9802071254524672,980200001602,NULL
45,98020,98020,1603,6454144,8599,9802064541448599,980200001603,NULL
45,98020,98020,1604,6605428,2778,9802066054282778,980200001604,NULL
45,98020,98020,1605,8491279,2961,9802084912792961,980200001605,NULL
45,98020,98020,1606,1041191,4046,9802010411914046,980200001606,NULL
45,98020,98020,1607,6589218,2430,9802065892182430,980200001607,NULL
45,98020,98020,1608,0606590,1503,9802006065901503,980200001608,NULL
45,98020,98020,1609,8301243,6198,9802083012436198,980200001609,NULL
45,98020,98020,1610,2780566,2833,9802027805662833,980200001610,NULL
45,98020,98020,1611,4802662,2687,9802048026622687,980200001611,NULL
45,98020,98020,1612,3901646,9486,9802039016469486,980200001612,NULL
45,98020,98020,1613,5180934,5864,9802051809345864,980200001613,NULL
45,98020,98020,1614,4232957,6955,9802042329576955,980200001614,NULL
45,98020,98020,1615,5805008,2492,9802058050082492,980200001615,NULL
45,98020,98020,1616,5581777,1425,9802055817771425,980200001616,NULL
45,98020,98020,1617,9077440,1427,9802090774401427,980200001617,NULL
45,98020,98020,1618,2536046,8034,9802025360468034,980200001618,NULL
45,98020,98020,1619,7709905,4767,9802077099054767,980200001619,NULL
45,98020,98020,1620,0674222,4840,9802006742224840,980200001620,NULL
45,98020,98020,1621,1216371,7569,9802012163717569,980200001621,NULL
45,98020,98020,1622,4608411,6014,9802046084116014,980200001622,NULL
45,98020,98020,1623,0574742,9248,9802005747429248,980200001623,NULL
45,98020,98020,1624,8413691,7824,9802084136917824,980200001624,NULL
45,98020,98020,1625,7959618,7546,9802079596187546,980200001625,NULL
45,98020,98020,1626,5667244,7804,9802056672447804,980200001626,NULL
45,98020,98020,1627,0182986,1572,9802001829861572,980200001627,NULL
45,98020,98020,1628,8086378,7042,9802080863787042,980200001628,NULL
45,98020,98020,1629,3214256,0450,9802032142560450,980200001629,NULL
45,98020,98020,1630,9051632,5561,9802090516325561,980200001630,NULL
45,98020,98020,1631,0893774,1190,9802008937741190,980200001631,NULL
45,98020,98020,1632,8380100,2938,9802083801002938,980200001632,NULL
45,98020,98020,1633,7377780,9648,9802073777809648,980200001633,NULL
45,98020,98020,1634,4431705,7121,9802044317057121,980200001634,NULL
45,98020,98020,1635,1861703,7355,9802018617037355,980200001635,NULL
45,98020,98020,1636,6763037,0046,9802067630370046,980200001636,NULL
45,98020,98020,1637,2442250,8697,9802024422508697,980200001637,NULL
45,98020,98020,1638,3961533,5237,9802039615335237,980200001638,NULL
45,98020,98020,1639,0685083,7052,9802006850837052,980200001639,NULL
45,98020,98020,1640,7224756,1565,9802072247561565,980200001640,NULL
45,98020,98020,1641,2901321,5370,9802029013215370,980200001641,NULL
45,98020,98020,1642,9157528,7676,9802091575287676,980200001642,NULL
45,98020,98020,1643,9391042,2562,9802093910422562,980200001643,NULL
45,98020,98020,1644,4698945,1813,9802046989451813,980200001644,NULL
45,98020,98020,1645,8596388,6339,9802085963886339,980200001645,NULL
45,98020,98020,1646,2671044,5979,9802026710445979,980200001646,NULL
45,98020,98020,1647,6474569,9047,9802064745699047,980200001647,NULL
45,98020,98020,1648,0548451,1786,9802005484511786,980200001648,NULL
45,98020,98020,1649,6863852,7686,9802068638527686,980200001649,NULL
45,98020,98020,1650,8500500,6482,9802085005006482,980200001650,NULL
45,98020,98020,1651,8437292,8816,9802084372928816,980200001651,NULL
45,98020,98020,1652,5962578,8282,9802059625788282,980200001652,NULL
45,98020,98020,1653,7463005,4976,9802074630054976,980200001653,NULL
45,98020,98020,1654,4714221,7844,9802047142217844,980200001654,NULL
45,98020,98020,1655,2116800,7777,9802021168007777,980200001655,NULL
45,98020,98020,1656,9184328,8894,9802091843288894,980200001656,NULL
45,98020,98020,1657,0847097,9207,9802008470979207,980200001657,NULL
45,98020,98020,1658,9086945,7250,9802090869457250,980200001658,NULL
45,98020,98020,1659,3115274,1364,9802031152741364,980200001659,NULL
45,98020,98020,1660,5778315,8090,9802057783158090,980200001660,NULL
45,98020,98020,1661,1852698,9613,9802018526989613,980200001661,NULL
45,98020,98020,1662,0533714,7200,9802005337147200,980200001662,NULL
45,98020,98020,1663,3158118,0804,9802031581180804,980200001663,NULL
45,98020,98020,1664,6891748,4005,9802068917484005,980200001664,NULL
45,98020,98020,1665,8477888,0124,9802084778880124,980200001665,NULL
45,98020,98020,1666,9979283,9401,9802099792839401,980200001666,NULL
45,98020,98020,1667,5614769,0970,9802056147690970,980200001667,NULL
45,98020,98020,1668,5732235,8623,9802057322358623,980200001668,NULL
45,98020,98020,1669,2029648,8156,9802020296488156,980200001669,NULL
45,98020,98020,1670,7345494,5681,9802073454945681,980200001670,NULL
45,98020,98020,1671,7084592,2593,9802070845922593,980200001671,NULL
45,98020,98020,1672,5598307,7813,9802055983077813,980200001672,NULL
45,98020,98020,1673,0530467,3949,9802005304673949,980200001673,NULL
45,98020,98020,1674,7917247,7808,9802079172477808,980200001674,NULL
45,98020,98020,1675,8759207,8510,9802087592078510,980200001675,NULL
45,98020,98020,1676,8283770,0713,9802082837700713,980200001676,NULL
45,98020,98020,1677,2100197,3292,9802021001973292,980200001677,NULL
45,98020,98020,1678,7688591,5819,9802076885915819,980200001678,NULL
45,98020,98020,1679,3134721,1000,9802031347211000,980200001679,NULL
45,98020,98020,1680,8566150,8912,9802085661508912,980200001680,NULL
45,98020,98020,1681,4528947,4426,9802045289474426,980200001681,NULL
45,98020,98020,1682,1747581,2255,9802017475812255,980200001682,NULL
45,98020,98020,1683,3983237,0223,9802039832370223,980200001683,NULL
45,98020,98020,1684,7015539,0647,9802070155390647,980200001684,NULL
45,98020,98020,1685,5333679,5306,9802053336795306,980200001685,NULL
45,98020,98020,1686,8593902,7018,9802085939027018,980200001686,NULL
45,98020,98020,1687,4408464,0836,9802044084640836,980200001687,NULL
45,98020,98020,1688,1958421,4241,9802019584214241,980200001688,NULL
45,98020,98020,1689,7505602,9673,9802075056029673,980200001689,NULL
45,98020,98020,1690,5946587,7583,9802059465877583,980200001690,NULL
45,98020,98020,1691,6325809,1402,9802063258091402,980200001691,NULL
45,98020,98020,1692,3748736,3246,9802037487363246,980200001692,NULL
45,98020,98020,1693,2416329,8623,9802024163298623,980200001693,NULL
45,98020,98020,1694,3104720,6953,9802031047206953,980200001694,NULL
45,98020,98020,1695,5884510,8255,9802058845108255,980200001695,NULL
45,98020,98020,1696,2536240,4946,9802025362404946,980200001696,NULL
45,98020,98020,1697,0091498,0404,9802000914980404,980200001697,NULL
45,98020,98020,1698,2726666,8709,9802027266668709,980200001698,NULL
45,98020,98020,1699,1644385,7012,9802016443857012,980200001699,NULL
45,98020,98020,1700,8922863,8253,9802089228638253,980200001700,NULL
45,98020,98020,1701,3128085,7363,9802031280857363,980200001701,NULL
45,98020,98020,1702,0908593,4819,9802009085934819,980200001702,NULL
45,98020,98020,1703,5372649,4205,9802053726494205,980200001703,NULL
45,98020,98020,1704,4390408,6931,9802043904086931,980200001704,NULL
45,98020,98020,1705,6186225,8482,9802061862258482,980200001705,NULL
45,98020,98020,1706,6020787,8699,9802060207878699,980200001706,NULL
45,98020,98020,1707,8481209,8469,9802084812098469,980200001707,NULL
45,98020,98020,1708,3557819,2714,9802035578192714,980200001708,NULL
45,98020,98020,1709,2954289,7268,9802029542897268,980200001709,NULL
45,98020,98020,1710,2561932,9524,9802025619329524,980200001710,NULL
45,98020,98020,1711,0715105,2938,9802007151052938,980200001711,NULL
45,98020,98020,1712,5839457,6860,9802058394576860,980200001712,NULL
45,98020,98020,1713,1949390,8347,9802019493908347,980200001713,NULL
45,98020,98020,1714,1884345,3079,9802018843453079,980200001714,NULL
45,98020,98020,1715,6072246,4355,9802060722464355,980200001715,NULL
45,98020,98020,1716,5667321,6034,9802056673216034,980200001716,NULL
45,98020,98020,1717,3711710,1933,9802037117101933,980200001717,NULL
45,98020,98020,1718,6694285,2980,9802066942852980,980200001718,NULL
45,98020,98020,1719,9740394,8553,9802097403948553,980200001719,NULL
45,98020,98020,1720,5874509,4662,9802058745094662,980200001720,NULL
45,98020,98020,1721,9821343,4479,9802098213434479,980200001721,NULL
45,98020,98020,1722,8067752,7493,9802080677527493,980200001722,NULL
45,98020,98020,1723,0716804,9158,9802007168049158,980200001723,NULL
45,98020,98020,1724,0909294,2920,9802009092942920,980200001724,NULL
45,98020,98020,1725,0564721,5440,9802005647215440,980200001725,NULL
45,98020,98020,1726,6029759,9833,9802060297599833,980200001726,NULL
45,98020,98020,1727,8553232,6122,9802085532326122,980200001727,NULL
45,98020,98020,1728,8298430,3766,9802082984303766,980200001728,NULL
45,98020,98020,1729,1455214,8000,9802014552148000,980200001729,NULL
45,98020,98020,1730,2862412,5838,9802028624125838,980200001730,NULL
45,98020,98020,1731,9072733,0475,9802090727330475,980200001731,NULL
45,98020,98020,1732,0882741,8958,9802008827418958,980200001732,NULL
45,98020,98020,1733,1677924,9792,9802016779249792,980200001733,NULL
45,98020,98020,1734,1232784,5686,9802012327845686,980200001734,NULL
45,98020,98020,1735,6650563,7992,9802066505637992,980200001735,NULL
45,98020,98020,1736,0906925,1644,9802009069251644,980200001736,NULL
45,98020,98020,1737,5893491,3961,9802058934913961,980200001737,NULL
45,98020,98020,1738,2895894,1859,9802028958941859,980200001738,NULL
45,98020,98020,1739,3484188,3175,9802034841883175,980200001739,NULL
45,98020,98020,1740,9877265,1844,9802098772651844,980200001740,NULL
45,98020,98020,1741,3758031,9434,9802037580319434,980200001741,NULL
45,98020,98020,1742,3713677,2151,9802037136772151,980200001742,NULL
45,98020,98020,1743,9981624,4752,9802099816244752,980200001743,NULL
45,98020,98020,1744,7875636,8912,9802078756368912,980200001744,NULL
45,98020,98020,1745,3072248,4042,9802030722484042,980200001745,NULL
45,98020,98020,1746,7626803,3685,9802076268033685,980200001746,NULL
45,98020,98020,1747,3542593,6735,9802035425936735,980200001747,NULL
45,98020,98020,1748,4031749,5196,9802040317495196,980200001748,NULL
45,98020,98020,1749,2085900,6858,9802020859006858,980200001749,NULL
45,98020,98020,1750,1896385,2472,9802018963852472,980200001750,NULL
45,98020,98020,1751,4197532,7887,9802041975327887,980200001751,NULL
45,98020,98020,1752,2305896,5627,9802023058965627,980200001752,NULL
45,98020,98020,1753,4137992,5476,9802041379925476,980200001753,NULL
45,98020,98020,1754,6895138,4699,9802068951384699,980200001754,NULL
45,98020,98020,1755,3742849,9596,9802037428499596,980200001755,NULL
45,98020,98020,1756,2435198,5783,9802024351985783,980200001756,NULL
45,98020,98020,1757,3683720,0942,9802036837200942,980200001757,NULL
45,98020,98020,1758,6780219,9413,9802067802199413,980200001758,NULL
45,98020,98020,1759,1077859,0322,9802010778590322,980200001759,NULL
45,98020,98020,1760,5423767,4525,9802054237674525,980200001760,NULL
45,98020,98020,1761,0843513,0227,9802008435130227,980200001761,NULL
45,98020,98020,1762,7911097,7000,9802079110977000,980200001762,NULL
45,98020,98020,1763,4072480,2935,9802040724802935,980200001763,NULL
45,98020,98020,1764,1385611,1813,9802013856111813,980200001764,NULL
45,98020,98020,1765,0815258,0109,9802008152580109,980200001765,NULL
45,98020,98020,1766,6169643,4663,9802061696434663,980200001766,NULL
45,98020,98020,1767,7385290,9016,9802073852909016,980200001767,NULL
45,98020,98020,1768,6976990,7143,9802069769907143,980200001768,NULL
45,98020,98020,1769,7399218,2847,9802073992182847,980200001769,NULL
45,98020,98020,1770,6381528,6438,9802063815286438,980200001770,NULL
45,98020,98020,1771,5448029,0094,9802054480290094,980200001771,NULL
45,98020,98020,1772,3076947,4443,9802030769474443,980200001772,NULL
45,98020,98020,1773,9898724,6141,9802098987246141,980200001773,NULL
45,98020,98020,1774,2620665,8374,9802026206658374,980200001774,NULL
45,98020,98020,1775,0989942,4817,9802009899424817,980200001775,NULL
45,98020,98020,1776,6461587,3821,9802064615873821,980200001776,NULL
45,98020,98020,1777,4958822,1678,9802049588221678,980200001777,NULL
45,98020,98020,1778,4255696,5459,9802042556965459,980200001778,NULL
45,98020,98020,1779,9460514,0204,9802094605140204,980200001779,NULL
45,98020,98020,1780,9563316,8422,9802095633168422,980200001780,NULL
45,98020,98020,1781,9989310,6551,9802099893106551,980200001781,NULL
45,98020,98020,1782,2622605,0172,9802026226050172,980200001782,NULL
45,98020,98020,1783,7549698,2671,9802075496982671,980200001783,NULL
45,98020,98020,1784,4629835,5747,9802046298355747,980200001784,NULL
45,98020,98020,1785,8271416,2177,9802082714162177,980200001785,NULL
45,98020,98020,1786,3850718,4232,9802038507184232,980200001786,NULL
45,98020,98020,1787,4627929,2992,9802046279292992,980200001787,NULL
45,98020,98020,1788,3586039,1586,9802035860391586,980200001788,NULL
45,98020,98020,1789,9790364,5469,9802097903645469,980200001789,NULL
45,98020,98020,1790,7479363,3319,9802074793633319,980200001790,NULL
45,98020,98020,1791,1368325,4869,9802013683254869,980200001791,NULL
45,98020,98020,1792,0990168,1172,9802009901681172,980200001792,NULL
45,98020,98020,1793,2955255,2373,9802029552552373,980200001793,NULL
45,98020,98020,1794,7375885,4126,9802073758854126,980200001794,NULL
45,98020,98020,1795,0097575,5588,9802000975755588,980200001795,NULL
45,98020,98020,1796,8926814,2331,9802089268142331,980200001796,NULL
45,98020,98020,1797,3231354,7609,9802032313547609,980200001797,NULL
45,98020,98020,1798,0071752,6552,9802000717526552,980200001798,NULL
45,98020,98020,1799,4430385,3509,9802044303853509,980200001799,NULL
45,98020,98020,1800,8304124,6568,9802083041246568,980200001800,NULL
45,98020,98020,1801,5200117,0829,9802052001170829,980200001801,NULL
45,98020,98020,1802,2722216,6194,9802027222166194,980200001802,NULL
45,98020,98020,1803,2069059,7099,9802020690597099,980200001803,NULL
45,98020,98020,1804,3813673,9299,9802038136739299,980200001804,NULL
45,98020,98020,1805,4846989,6889,9802048469896889,980200001805,NULL
45,98020,98020,1806,8871844,6508,9802088718446508,980200001806,NULL
45,98020,98020,1807,1334488,9210,9802013344889210,980200001807,NULL
45,98020,98020,1808,9539963,3577,9802095399633577,980200001808,NULL
45,98020,98020,1809,0568359,1720,9802005683591720,980200001809,NULL
45,98020,98020,1810,8715383,1869,9802087153831869,980200001810,NULL
45,98020,98020,1811,8430891,7586,9802084308917586,980200001811,NULL
45,98020,98020,1812,6274104,0323,9802062741040323,980200001812,NULL
45,98020,98020,1813,3152788,0939,9802031527880939,980200001813,NULL
45,98020,98020,1814,1812362,9521,9802018123629521,980200001814,NULL
45,98020,98020,1815,6315006,3830,9802063150063830,980200001815,NULL
45,98020,98020,1816,2508870,0064,9802025088700064,980200001816,NULL
45,98020,98020,1817,8702373,6694,9802087023736694,980200001817,NULL
45,98020,98020,1818,5226235,9723,9802052262359723,980200001818,NULL
45,98020,98020,1819,7337593,4723,9802073375934723,980200001819,NULL
45,98020,98020,1820,4615395,5441,9802046153955441,980200001820,NULL
45,98020,98020,1821,5657928,6511,9802056579286511,980200001821,NULL
45,98020,98020,1822,0531780,2261,9802005317802261,980200001822,NULL
45,98020,98020,1823,8573488,0553,9802085734880553,980200001823,NULL
45,98020,98020,1824,1652521,5667,9802016525215667,980200001824,NULL
45,98020,98020,1825,0803702,6070,9802008037026070,980200001825,NULL
45,98020,98020,1826,7720233,8974,9802077202338974,980200001826,NULL
45,98020,98020,1827,4987887,3063,9802049878873063,980200001827,NULL
45,98020,98020,1828,5030987,6428,9802050309876428,980200001828,NULL
45,98020,98020,1829,3841046,7781,9802038410467781,980200001829,NULL
45,98020,98020,1830,4807741,6658,9802048077416658,980200001830,NULL
45,98020,98020,1831,4536510,0549,9802045365100549,980200001831,NULL
45,98020,98020,1832,5415166,8297,9802054151668297,980200001832,NULL
45,98020,98020,1833,8593129,0069,9802085931290069,980200001833,NULL
45,98020,98020,1834,6000761,7040,9802060007617040,980200001834,NULL
45,98020,98020,1835,0746260,0003,9802007462600003,980200001835,NULL
45,98020,98020,1836,2724816,3365,9802027248163365,980200001836,NULL
45,98020,98020,1837,7834169,5571,9802078341695571,980200001837,NULL
45,98020,98020,1838,4410574,4245,9802044105744245,980200001838,NULL
45,98020,98020,1839,2702471,8002,9802027024718002,980200001839,NULL
45,98020,98020,1840,0123913,9544,9802001239139544,980200001840,NULL
45,98020,98020,1841,5278881,8491,9802052788818491,980200001841,NULL
45,98020,98020,1842,9654777,0519,9802096547770519,980200001842,NULL
45,98020,98020,1843,2050216,1779,9802020502161779,980200001843,NULL
45,98020,98020,1844,7857162,7898,9802078571627898,980200001844,NULL
45,98020,98020,1845,1076600,1605,9802010766001605,980200001845,NULL
45,98020,98020,1846,0125984,1532,9802001259841532,980200001846,NULL
45,98020,98020,1847,7856271,2444,9802078562712444,980200001847,NULL
45,98020,98020,1848,6058166,1109,9802060581661109,980200001848,NULL
45,98020,98020,1849,8847380,8520,9802088473808520,980200001849,NULL
45,98020,98020,1850,1505709,0027,9802015057090027,980200001850,NULL
45,98020,98020,1851,6681377,8140,9802066813778140,980200001851,NULL
45,98020,98020,1852,3538498,1854,9802035384981854,980200001852,NULL
45,98020,98020,1853,4505011,5059,9802045050115059,980200001853,NULL
45,98020,98020,1854,3907871,8150,9802039078718150,980200001854,NULL
45,98020,98020,1855,7096834,9772,9802070968349772,980200001855,NULL
45,98020,98020,1856,5612338,8359,9802056123388359,980200001856,NULL
45,98020,98020,1857,3899216,3642,9802038992163642,980200001857,NULL
45,98020,98020,1858,1371048,7714,9802013710487714,980200001858,NULL
45,98020,98020,1859,6218183,9630,9802062181839630,980200001859,NULL
45,98020,98020,1860,5187150,9108,9802051871509108,980200001860,NULL
45,98020,98020,1861,1519575,8170,9802015195758170,980200001861,NULL
45,98020,98020,1862,1438970,4975,9802014389704975,980200001862,NULL
45,98020,98020,1863,2379747,4972,9802023797474972,980200001863,NULL
45,98020,98020,1864,8048117,4656,9802080481174656,980200001864,NULL
45,98020,98020,1865,3202198,8327,9802032021988327,980200001865,NULL
45,98020,98020,1866,4833235,9131,9802048332359131,980200001866,NULL
45,98020,98020,1867,9956971,2914,9802099569712914,980200001867,NULL
45,98020,98020,1868,9304560,7640,9802093045607640,980200001868,NULL
45,98020,98020,1869,4493497,8139,9802044934978139,980200001869,NULL
45,98020,98020,1870,7306645,2217,9802073066452217,980200001870,NULL
45,98020,98020,1871,0594108,2587,9802005941082587,980200001871,NULL
45,98020,98020,1872,5093534,4007,9802050935344007,980200001872,NULL
45,98020,98020,1873,9515610,8581,9802095156108581,980200001873,NULL
45,98020,98020,1874,9603823,0338,9802096038230338,980200001874,NULL
45,98020,98020,1875,4197185,8901,9802041971858901,980200001875,NULL
45,98020,98020,1876,4362885,9845,9802043628859845,980200001876,NULL
45,98020,98020,1877,1251557,9055,9802012515579055,980200001877,NULL
45,98020,98020,1878,2662439,9718,9802026624399718,980200001878,NULL
45,98020,98020,1879,2690030,8144,9802026900308144,980200001879,NULL
45,98020,98020,1880,7007289,2576,9802070072892576,980200001880,NULL
45,98020,98020,1881,3229683,3174,9802032296833174,980200001881,NULL
45,98020,98020,1882,3745561,5205,9802037455615205,980200001882,NULL
45,98020,98020,1883,6749752,6425,9802067497526425,980200001883,NULL
45,98020,98020,1884,5284373,2166,9802052843732166,980200001884,NULL
45,98020,98020,1885,7308277,5161,9802073082775161,980200001885,NULL
45,98020,98020,1886,1966164,8873,9802019661648873,980200001886,NULL
45,98020,98020,1887,0600647,4933,9802006006474933,980200001887,NULL
45,98020,98020,1888,6702166,9329,9802067021669329,980200001888,NULL
45,98020,98020,1889,4755549,6281,9802047555496281,980200001889,NULL
45,98020,98020,1890,2158974,6599,9802021589746599,980200001890,NULL
45,98020,98020,1891,8441420,6593,9802084414206593,980200001891,NULL
45,98020,98020,1892,7785087,0716,9802077850870716,980200001892,NULL
45,98020,98020,1893,1253619,6269,9802012536196269,980200001893,NULL
45,98020,98020,1894,8220325,9237,9802082203259237,980200001894,NULL
45,98020,98020,1895,1867481,1783,9802018674811783,980200001895,NULL
45,98020,98020,1896,5183642,8451,9802051836428451,980200001896,NULL
45,98020,98020,1897,4701788,5022,9802047017885022,980200001897,NULL
45,98020,98020,1898,7445096,6861,9802074450966861,980200001898,NULL
45,98020,98020,1899,0479299,4487,9802004792994487,980200001899,NULL
45,98020,98020,1900,5194012,5993,9802051940125993,980200001900,NULL
45,98020,98020,1901,5985343,1985,9802059853431985,980200001901,NULL
45,98020,98020,1902,0603590,3555,9802006035903555,980200001902,NULL
45,98020,98020,1903,0474384,7446,9802004743847446,980200001903,NULL
45,98020,98020,1904,0200213,4258,9802002002134258,980200001904,NULL
45,98020,98020,1905,4786072,0474,9802047860720474,980200001905,NULL
45,98020,98020,1906,4659390,9768,9802046593909768,980200001906,NULL
45,98020,98020,1907,8352162,3872,9802083521623872,980200001907,NULL
45,98020,98020,1908,9676231,3151,9802096762313151,980200001908,NULL
45,98020,98020,1909,4916375,6973,9802049163756973,980200001909,NULL
45,98020,98020,1910,0945774,2626,9802009457742626,980200001910,NULL
45,98020,98020,1911,8261591,3033,9802082615913033,980200001911,NULL
45,98020,98020,1912,9753483,7725,9802097534837725,980200001912,NULL
45,98020,98020,1913,0694152,4719,9802006941524719,980200001913,NULL
45,98020,98020,1914,2031642,3001,9802020316423001,980200001914,NULL
45,98020,98020,1915,1775292,0078,9802017752920078,980200001915,NULL
45,98020,98020,1916,6035096,7638,9802060350967638,980200001916,NULL
45,98020,98020,1917,7109218,9464,9802071092189464,980200001917,NULL
45,98020,98020,1918,1424436,2209,9802014244362209,980200001918,NULL
45,98020,98020,1919,2843573,2889,9802028435732889,980200001919,NULL
45,98020,98020,1920,2948898,3767,9802029488983767,980200001920,NULL
45,98020,98020,1921,8803712,8472,9802088037128472,980200001921,NULL
45,98020,98020,1922,8742209,2111,9802087422092111,980200001922,NULL
45,98020,98020,1923,9354468,1369,9802093544681369,980200001923,NULL
45,98020,98020,1924,6168061,4502,9802061680614502,980200001924,NULL
45,98020,98020,1925,3766991,5979,9802037669915979,980200001925,NULL
45,98020,98020,1926,9524362,7205,9802095243627205,980200001926,NULL
45,98020,98020,1927,0375789,7834,9802003757897834,980200001927,NULL
45,98020,98020,1928,6792432,3321,9802067924323321,980200001928,NULL
45,98020,98020,1929,6983183,5082,9802069831835082,980200001929,NULL
45,98020,98020,1930,6587507,3598,9802065875073598,980200001930,NULL
45,98020,98020,1931,9703411,3197,9802097034113197,980200001931,NULL
45,98020,98020,1932,1830779,4463,9802018307794463,980200001932,NULL
45,98020,98020,1933,4045442,3886,9802040454423886,980200001933,NULL
45,98020,98020,1934,5000103,5521,9802050001035521,980200001934,NULL
45,98020,98020,1935,7494831,6497,9802074948316497,980200001935,NULL
45,98020,98020,1936,7612104,6726,9802076121046726,980200001936,NULL
45,98020,98020,1937,1721442,3455,9802017214423455,980200001937,NULL
45,98020,98020,1938,3438779,8589,9802034387798589,980200001938,NULL
45,98020,98020,1939,6503278,3519,9802065032783519,980200001939,NULL
45,98020,98020,1940,6214358,4605,9802062143584605,980200001940,NULL
45,98020,98020,1941,5016730,3887,9802050167303887,980200001941,NULL
45,98020,98020,1942,5211899,7049,9802052118997049,980200001942,NULL
45,98020,98020,1943,0041197,0056,9802000411970056,980200001943,NULL
45,98020,98020,1944,3709546,1440,9802037095461440,980200001944,NULL
45,98020,98020,1945,5189598,1135,9802051895981135,980200001945,NULL
45,98020,98020,1946,4370657,0686,9802043706570686,980200001946,NULL
45,98020,98020,1947,3752028,3831,9802037520283831,980200001947,NULL
45,98020,98020,1948,3268900,6909,9802032689006909,980200001948,NULL
45,98020,98020,1949,0915689,3555,9802009156893555,980200001949,NULL
45,98020,98020,1950,4081145,0192,9802040811450192,980200001950,NULL
45,98020,98020,1951,4131760,4811,9802041317604811,980200001951,NULL
45,98020,98020,1952,4556565,7272,9802045565657272,980200001952,NULL
45,98020,98020,1953,7968208,4938,9802079682084938,980200001953,NULL
45,98020,98020,1954,3058086,5563,9802030580865563,980200001954,NULL
45,98020,98020,1955,1622608,7209,9802016226087209,980200001955,NULL
45,98020,98020,1956,9414813,1637,9802094148131637,980200001956,NULL
45,98020,98020,1957,0739614,5281,9802007396145281,980200001957,NULL
45,98020,98020,1958,1378739,2177,9802013787392177,980200001958,NULL
45,98020,98020,1959,4223719,7688,9802042237197688,980200001959,NULL
45,98020,98020,1960,8750713,7351,9802087507137351,980200001960,NULL
45,98020,98020,1961,9251558,8983,9802092515588983,980200001961,NULL
45,98020,98020,1962,7345580,5660,9802073455805660,980200001962,NULL
45,98020,98020,1963,4724533,2490,9802047245332490,980200001963,NULL
45,98020,98020,1964,6088204,5671,9802060882045671,980200001964,NULL
45,98020,98020,1965,7433119,4832,9802074331194832,980200001965,NULL
45,98020,98020,1966,7443280,6979,9802074432806979,980200001966,NULL
45,98020,98020,1967,1095392,0294,9802010953920294,980200001967,NULL
45,98020,98020,1968,2143077,1598,9802021430771598,980200001968,NULL
45,98020,98020,1969,6631521,1160,9802066315211160,980200001969,NULL
45,98020,98020,1970,1998068,3064,9802019980683064,980200001970,NULL
45,98020,98020,1971,7144871,8651,9802071448718651,980200001971,NULL
45,98020,98020,1972,6976481,8667,9802069764818667,980200001972,NULL
45,98020,98020,1973,0880441,7155,9802008804417155,980200001973,NULL
45,98020,98020,1974,4833746,3821,9802048337463821,980200001974,NULL
45,98020,98020,1975,8729225,4957,9802087292254957,980200001975,NULL
45,98020,98020,1976,0531602,1830,9802005316021830,980200001976,NULL
45,98020,98020,1977,8572511,4079,9802085725114079,980200001977,NULL
45,98020,98020,1978,1163587,1715,9802011635871715,980200001978,NULL
45,98020,98020,1979,3502528,5640,9802035025285640,980200001979,NULL
45,98020,98020,1980,2333104,9447,9802023331049447,980200001980,NULL
45,98020,98020,1981,3554859,9832,9802035548599832,980200001981,NULL
45,98020,98020,1982,3255486,2709,9802032554862709,980200001982,NULL
45,98020,98020,1983,1193764,1618,9802011937641618,980200001983,NULL
45,98020,98020,1984,0919714,6971,9802009197146971,980200001984,NULL
45,98020,98020,1985,3054811,1639,9802030548111639,980200001985,NULL
45,98020,98020,1986,8658205,7658,9802086582057658,980200001986,NULL
45,98020,98020,1987,5632881,3938,9802056328813938,980200001987,NULL
45,98020,98020,1988,9274594,3909,9802092745943909,980200001988,NULL
45,98020,98020,1989,1139709,8689,9802011397098689,980200001989,NULL
45,98020,98020,1990,2763991,3295,9802027639913295,980200001990,NULL
45,98020,98020,1991,0992109,1873,9802009921091873,980200001991,NULL
45,98020,98020,1992,5739714,1409,9802057397141409,980200001992,NULL
45,98020,98020,1993,7896072,8125,9802078960728125,980200001993,NULL
45,98020,98020,1994,1999920,5925,9802019999205925,980200001994,NULL
45,98020,98020,1995,1857724,1716,9802018577241716,980200001995,NULL
45,98020,98020,1996,6609247,9014,9802066092479014,980200001996,NULL
45,98020,98020,1997,3264939,8800,9802032649398800,980200001997,NULL
45,98020,98020,1998,1057498,9645,9802010574989645,980200001998,NULL
45,98020,98020,1999,6062435,1692,9802060624351692,980200001999,NULL
45,98020,98020,2000,8298234,2303,9802082982342303,980200002000,NULL
45,98020,98020,2001,7592721,1831,9802075927211831,980200002001,NULL
45,98020,98020,2002,5138719,2506,9802051387192506,980200002002,NULL
45,98020,98020,2003,9326808,9013,9802093268089013,980200002003,NULL
45,98020,98020,2004,3116012,2847,9802031160122847,980200002004,NULL
45,98020,98020,2005,4672044,2790,9802046720442790,980200002005,NULL
45,98020,98020,2006,4413727,1118,9802044137271118,980200002006,NULL
45,98020,98020,2007,7484278,9963,9802074842789963,980200002007,NULL
45,98020,98020,2008,3485210,6540,9802034852106540,980200002008,NULL
45,98020,98020,2009,9960313,9215,9802099603139215,980200002009,NULL
45,98020,98020,2010,4119457,2982,9802041194572982,980200002010,NULL
45,98020,98020,2011,9030543,1570,9802090305431570,980200002011,NULL
45,98020,98020,2012,4818401,2317,9802048184012317,980200002012,NULL
45,98020,98020,2013,7092031,8923,9802070920318923,980200002013,NULL
45,98020,98020,2014,7700854,0997,9802077008540997,980200002014,NULL
45,98020,98020,2015,9322833,9599,9802093228339599,980200002015,NULL
45,98020,98020,2016,4411200,5689,9802044112005689,980200002016,NULL
45,98020,98020,2017,1715678,5945,9802017156785945,980200002017,NULL
45,98020,98020,2018,4567068,7347,9802045670687347,980200002018,NULL
45,98020,98020,2019,5764546,3522,9802057645463522,980200002019,NULL
45,98020,98020,2020,3355842,8232,9802033558428232,980200002020,NULL
45,98020,98020,2021,4915140,8702,9802049151408702,980200002021,NULL
45,98020,98020,2022,4421088,3128,9802044210883128,980200002022,NULL
45,98020,98020,2023,7495661,7042,9802074956617042,980200002023,NULL
45,98020,98020,2024,6623452,7225,9802066234527225,980200002024,NULL
45,98020,98020,2025,9752037,8890,9802097520378890,980200002025,NULL
45,98020,98020,2026,6514997,6709,9802065149976709,980200002026,NULL
45,98020,98020,2027,9269910,5455,9802092699105455,980200002027,NULL
45,98020,98020,2028,6312116,3701,9802063121163701,980200002028,NULL
45,98020,98020,2029,0771231,3324,9802007712313324,980200002029,NULL
45,98020,98020,2030,3738830,3887,9802037388303887,980200002030,NULL
45,98020,98020,2031,0776523,9061,9802007765239061,980200002031,NULL
45,98020,98020,2032,7535445,9127,9802075354459127,980200002032,NULL
45,98020,98020,2033,2862279,9535,9802028622799535,980200002033,NULL
45,98020,98020,2034,3723992,6860,9802037239926860,980200002034,NULL
45,98020,98020,2035,1004331,4763,9802010043314763,980200002035,NULL
45,98020,98020,2036,0878754,2946,9802008787542946,980200002036,NULL
45,98020,98020,2037,6359534,5784,9802063595345784,980200002037,NULL
45,98020,98020,2038,9184625,2384,9802091846252384,980200002038,NULL
45,98020,98020,2039,5229981,8592,9802052299818592,980200002039,NULL
45,98020,98020,2040,2266061,0084,9802022660610084,980200002040,NULL
45,98020,98020,2041,8566308,0324,9802085663080324,980200002041,NULL
45,98020,98020,2042,7803340,5826,9802078033405826,980200002042,NULL
45,98020,98020,2043,2460018,5979,9802024600185979,980200002043,NULL
45,98020,98020,2044,9398656,6714,9802093986566714,980200002044,NULL
45,98020,98020,2045,7192326,6861,9802071923266861,980200002045,NULL
45,98020,98020,2046,3098086,8902,9802030980868902,980200002046,NULL
45,98020,98020,2047,5463195,3137,9802054631953137,980200002047,NULL
45,98020,98020,2048,5050288,7719,9802050502887719,980200002048,NULL
45,98020,98020,2049,0996610,0670,9802009966100670,980200002049,NULL
45,98020,98020,2050,4382109,8050,9802043821098050,980200002050,NULL
45,98020,98020,2051,4214503,3959,9802042145033959,980200002051,NULL
45,98020,98020,2052,4012257,4540,9802040122574540,980200002052,NULL
45,98020,98020,2053,2817986,4880,9802028179864880,980200002053,NULL
45,98020,98020,2054,3042132,4697,9802030421324697,980200002054,NULL
45,98020,98020,2055,3503074,7907,9802035030747907,980200002055,NULL
45,98020,98020,2056,5035845,6544,9802050358456544,980200002056,NULL
45,98020,98020,2057,7846068,1964,9802078460681964,980200002057,NULL
45,98020,98020,2058,1155032,9699,9802011550329699,980200002058,NULL
45,98020,98020,2059,5074500,4361,9802050745004361,980200002059,NULL
45,98020,98020,2060,9645620,1514,9802096456201514,980200002060,NULL
45,98020,98020,2061,2181022,5686,9802021810225686,980200002061,NULL
45,98020,98020,2062,9704363,1270,9802097043631270,980200002062,NULL
45,98020,98020,2063,0165305,5226,9802001653055226,980200002063,NULL
45,98020,98020,2064,7189202,2402,9802071892022402,980200002064,NULL
45,98020,98020,2065,2579362,1845,9802025793621845,980200002065,NULL
45,98020,98020,2066,4029959,4982,9802040299594982,980200002066,NULL
45,98020,98020,2067,4832065,1309,9802048320651309,980200002067,NULL
45,98020,98020,2068,3482794,2714,9802034827942714,980200002068,NULL
45,98020,98020,2069,6058738,9432,9802060587389432,980200002069,NULL
45,98020,98020,2070,9468962,6920,9802094689626920,980200002070,NULL
45,98020,98020,2071,3650094,7332,9802036500947332,980200002071,NULL
45,98020,98020,2072,1480815,6906,9802014808156906,980200002072,NULL
45,98020,98020,2073,7573426,0567,9802075734260567,980200002073,NULL
45,98020,98020,2074,1218613,2135,9802012186132135,980200002074,NULL
45,98020,98020,2075,6113753,1952,9802061137531952,980200002075,NULL
45,98020,98020,2076,4819567,6779,9802048195676779,980200002076,NULL
45,98020,98020,2077,1204765,4038,9802012047654038,980200002077,NULL
45,98020,98020,2078,5780737,7916,9802057807377916,980200002078,NULL
45,98020,98020,2079,7202969,1291,9802072029691291,980200002079,NULL
45,98020,98020,2080,0429425,7284,9802004294257284,980200002080,NULL
45,98020,98020,2081,5097376,4926,9802050973764926,980200002081,NULL
45,98020,98020,2082,9417036,0401,9802094170360401,980200002082,NULL
45,98020,98020,2083,5532285,7594,9802055322857594,980200002083,NULL
45,98020,98020,2084,6515446,4344,9802065154464344,980200002084,NULL
45,98020,98020,2085,9649364,2829,9802096493642829,980200002085,NULL
45,98020,98020,2086,8211181,7076,9802082111817076,980200002086,NULL
45,98020,98020,2087,5667120,5369,9802056671205369,980200002087,NULL
45,98020,98020,2088,3423330,5191,9802034233305191,980200002088,NULL
45,98020,98020,2089,7770734,8932,9802077707348932,980200002089,NULL
45,98020,98020,2090,5043455,1573,9802050434551573,980200002090,NULL
45,98020,98020,2091,5129870,0330,9802051298700330,980200002091,NULL
45,98020,98020,2092,7202284,7817,9802072022847817,980200002092,NULL
45,98020,98020,2093,5126578,1040,9802051265781040,980200002093,NULL
45,98020,98020,2094,0653040,4828,9802006530404828,980200002094,NULL
45,98020,98020,2095,1019158,8069,9802010191588069,980200002095,NULL
45,98020,98020,2096,4118824,9514,9802041188249514,980200002096,NULL
45,98020,98020,2097,1036780,9315,9802010367809315,980200002097,NULL
45,98020,98020,2098,4622971,1190,9802046229711190,980200002098,NULL
45,98020,98020,2099,1898747,1978,9802018987471978,980200002099,NULL
45,98020,98020,2100,0116654,3247,9802001166543247,980200002100,NULL
45,98020,98020,2101,2372984,7592,9802023729847592,980200002101,NULL
45,98020,98020,2102,0199981,2397,9802001999812397,980200002102,NULL
45,98020,98020,2103,6105342,0404,9802061053420404,980200002103,NULL
45,98020,98020,2104,1567606,0609,9802015676060609,980200002104,NULL
45,98020,98020,2105,7440977,2147,9802074409772147,980200002105,NULL
45,98020,98020,2106,1640976,4715,9802016409764715,980200002106,NULL
45,98020,98020,2107,7732250,2830,9802077322502830,980200002107,NULL
45,98020,98020,2108,5537386,1214,9802055373861214,980200002108,NULL
45,98020,98020,2109,4876494,5928,9802048764945928,980200002109,NULL
45,98020,98020,2110,9946007,4596,9802099460074596,980200002110,NULL
45,98020,98020,2111,1658812,4780,9802016588124780,980200002111,NULL
45,98020,98020,2112,2883922,9631,9802028839229631,980200002112,NULL
45,98020,98020,2113,3691836,2678,9802036918362678,980200002113,NULL
45,98020,98020,2114,1143595,7912,9802011435957912,980200002114,NULL
45,98020,98020,2115,6672535,1879,9802066725351879,980200002115,NULL
45,98020,98020,2116,5484834,1894,9802054848341894,980200002116,NULL
45,98020,98020,2117,8622607,4713,9802086226074713,980200002117,NULL
45,98020,98020,2118,7299558,6145,9802072995586145,980200002118,NULL
45,98020,98020,2119,7048172,0525,9802070481720525,980200002119,NULL
45,98020,98020,2120,1169964,7647,9802011699647647,980200002120,NULL
45,98020,98020,2121,0613800,7692,9802006138007692,980200002121,NULL
45,98020,98020,2122,2648086,1686,9802026480861686,980200002122,NULL
45,98020,98020,2123,2115390,1240,9802021153901240,980200002123,NULL
45,98020,98020,2124,5650241,0105,9802056502410105,980200002124,NULL
45,98020,98020,2125,8170065,3496,9802081700653496,980200002125,NULL
45,98020,98020,2126,8382568,2046,9802083825682046,980200002126,NULL
45,98020,98020,2127,4827065,3404,9802048270653404,980200002127,NULL
45,98020,98020,2128,4236467,2982,9802042364672982,980200002128,NULL
45,98020,98020,2129,9715949,7763,9802097159497763,980200002129,NULL
45,98020,98020,2130,7337048,3916,9802073370483916,980200002130,NULL
45,98020,98020,2131,7011374,0503,9802070113740503,980200002131,NULL
45,98020,98020,2132,6008812,3926,9802060088123926,980200002132,NULL
45,98020,98020,2133,8913583,2916,9802089135832916,980200002133,NULL
45,98020,98020,2134,9553512,9951,9802095535129951,980200002134,NULL
45,98020,98020,2135,8090085,5356,9802080900855356,980200002135,NULL
45,98020,98020,2136,1429725,1267,9802014297251267,980200002136,NULL
45,98020,98020,2137,4668138,5855,9802046681385855,980200002137,NULL
45,98020,98020,2138,9039654,8316,9802090396548316,980200002138,NULL
45,98020,98020,2139,8417489,3473,9802084174893473,980200002139,NULL
45,98020,98020,2140,0987107,0489,9802009871070489,980200002140,NULL
45,98020,98020,2141,5256376,2831,9802052563762831,980200002141,NULL
45,98020,98020,2142,6559625,3065,9802065596253065,980200002142,NULL
45,98020,98020,2143,8280841,0045,9802082808410045,980200002143,NULL
45,98020,98020,2144,3830759,6007,9802038307596007,980200002144,NULL
45,98020,98020,2145,4842016,2454,9802048420162454,980200002145,NULL
45,98020,98020,2146,9424928,4756,9802094249284756,980200002146,NULL
45,98020,98020,2147,0233877,2656,9802002338772656,980200002147,NULL
45,98020,98020,2148,7690411,0806,9802076904110806,980200002148,NULL
45,98020,98020,2149,8552381,6214,9802085523816214,980200002149,NULL
45,98020,98020,2150,2383230,8953,9802023832308953,980200002150,NULL
45,98020,98020,2151,2247350,4151,9802022473504151,980200002151,NULL
45,98020,98020,2152,0734560,3711,9802007345603711,980200002152,NULL
45,98020,98020,2153,5735361,2237,9802057353612237,980200002153,NULL
45,98020,98020,2154,1895581,9018,9802018955819018,980200002154,NULL
45,98020,98020,2155,1001537,1874,9802010015371874,980200002155,NULL
45,98020,98020,2156,9226721,4598,9802092267214598,980200002156,NULL
45,98020,98020,2157,4054188,6970,9802040541886970,980200002157,NULL
45,98020,98020,2158,2472551,2883,9802024725512883,980200002158,NULL
45,98020,98020,2159,4665364,3190,9802046653643190,980200002159,NULL
45,98020,98020,2160,3864747,2778,9802038647472778,980200002160,NULL
45,98020,98020,2161,9317762,5212,9802093177625212,980200002161,NULL
45,98020,98020,2162,7668461,9299,9802076684619299,980200002162,NULL
45,98020,98020,2163,8428438,4975,9802084284384975,980200002163,NULL
45,98020,98020,2164,4627563,4254,9802046275634254,980200002164,NULL
45,98020,98020,2165,8809642,1354,9802088096421354,980200002165,NULL
45,98020,98020,2166,7384002,3805,9802073840023805,980200002166,NULL
45,98020,98020,2167,5458606,3163,9802054586063163,980200002167,NULL
45,98020,98020,2168,5469164,2299,9802054691642299,980200002168,NULL
45,98020,98020,2169,1621347,8239,9802016213478239,980200002169,NULL
45,98020,98020,2170,8226475,7954,9802082264757954,980200002170,NULL
45,98020,98020,2171,7985610,1948,9802079856101948,980200002171,NULL
45,98020,98020,2172,1796332,5380,9802017963325380,980200002172,NULL
45,98020,98020,2173,7027014,0166,9802070270140166,980200002173,NULL
45,98020,98020,2174,8126663,8964,9802081266638964,980200002174,NULL
45,98020,98020,2175,8850588,1271,9802088505881271,980200002175,NULL
45,98020,98020,2176,1564820,1042,9802015648201042,980200002176,NULL
45,98020,98020,2177,3292903,2038,9802032929032038,980200002177,NULL
45,98020,98020,2178,8758809,9959,9802087588099959,980200002178,NULL
45,98020,98020,2179,1296988,1395,9802012969881395,980200002179,NULL
45,98020,98020,2180,6041420,2105,9802060414202105,980200002180,NULL
45,98020,98020,2181,0600329,5604,9802006003295604,980200002181,NULL
45,98020,98020,2182,7927508,2224,9802079275082224,980200002182,NULL
45,98020,98020,2183,1109476,0599,9802011094760599,980200002183,NULL
45,98020,98020,2184,7090883,7266,9802070908837266,980200002184,NULL
45,98020,98020,2185,2782452,3420,9802027824523420,980200002185,NULL
45,98020,98020,2186,1879616,0002,9802018796160002,980200002186,NULL
45,98020,98020,2187,6524832,1617,9802065248321617,980200002187,NULL
45,98020,98020,2188,6095995,8582,9802060959958582,980200002188,NULL
45,98020,98020,2189,4914924,2197,9802049149242197,980200002189,NULL
45,98020,98020,2190,3727900,9403,9802037279009403,980200002190,NULL
45,98020,98020,2191,2382418,8801,9802023824188801,980200002191,NULL
45,98020,98020,2192,1407010,6225,9802014070106225,980200002192,NULL
45,98020,98020,2193,1314875,6995,9802013148756995,980200002193,NULL
45,98020,98020,2194,0562655,4157,9802005626554157,980200002194,NULL
45,98020,98020,2195,8825509,5577,9802088255095577,980200002195,NULL
45,98020,98020,2196,5223922,6542,9802052239226542,980200002196,NULL
45,98020,98020,2197,5884369,3126,9802058843693126,980200002197,NULL
45,98020,98020,2198,8544630,9040,9802085446309040,980200002198,NULL
45,98020,98020,2199,6709828,8615,9802067098288615,980200002199,NULL
45,98020,98020,2200,9555471,1002,9802095554711002,980200002200,NULL
45,98020,98020,2201,7744662,3017,9802077446623017,980200002201,NULL
45,98020,98020,2202,6998689,9842,9802069986899842,980200002202,NULL
45,98020,98020,2203,1474340,6713,9802014743406713,980200002203,NULL
45,98020,98020,2204,8203611,9418,9802082036119418,980200002204,NULL
45,98020,98020,2205,1053539,1659,9802010535391659,980200002205,NULL
45,98020,98020,2206,6778806,5307,9802067788065307,980200002206,NULL
45,98020,98020,2207,5087433,0561,9802050874330561,980200002207,NULL
45,98020,98020,2208,6440680,4639,9802064406804639,980200002208,NULL
45,98020,98020,2209,9268660,7976,9802092686607976,980200002209,NULL
45,98020,98020,2210,7411057,6753,9802074110576753,980200002210,NULL
45,98020,98020,2211,9001496,1487,9802090014961487,980200002211,NULL
45,98020,98020,2212,5768256,8100,9802057682568100,980200002212,NULL
45,98020,98020,2213,0047051,4563,9802000470514563,980200002213,NULL
45,98020,98020,2214,1194027,3086,9802011940273086,980200002214,NULL
45,98020,98020,2215,5824321,2378,9802058243212378,980200002215,NULL
45,98020,98020,2216,0786763,1835,9802007867631835,980200002216,NULL
45,98020,98020,2217,8476904,9333,9802084769049333,980200002217,NULL
45,98020,98020,2218,3373004,1044,9802033730041044,980200002218,NULL
45,98020,98020,2219,1880204,4844,9802018802044844,980200002219,NULL
45,98020,98020,2220,1777524,7194,9802017775247194,980200002220,NULL
45,98020,98020,2221,6215265,6005,9802062152656005,980200002221,NULL
45,98020,98020,2222,9999154,6898,9802099991546898,980200002222,NULL
45,98020,98020,2223,9003912,2255,9802090039122255,980200002223,NULL
45,98020,98020,2224,9395953,4178,9802093959534178,980200002224,NULL
45,98020,98020,2225,8867440,3758,9802088674403758,980200002225,NULL
45,98020,98020,2226,8601530,8132,9802086015308132,980200002226,NULL
45,98020,98020,2227,1289838,6615,9802012898386615,980200002227,NULL
45,98020,98020,2228,0184819,4641,9802001848194641,980200002228,NULL
45,98020,98020,2229,2253771,2931,9802022537712931,980200002229,NULL
45,98020,98020,2230,1155581,4331,9802011555814331,980200002230,NULL
45,98020,98020,2231,8328956,6644,9802083289566644,980200002231,NULL
45,98020,98020,2232,9526473,7693,9802095264737693,980200002232,NULL
45,98020,98020,2233,4974668,7653,9802049746687653,980200002233,NULL
45,98020,98020,2234,0954176,7852,9802009541767852,980200002234,NULL
45,98020,98020,2235,5801818,8415,9802058018188415,980200002235,NULL
45,98020,98020,2236,7761221,5739,9802077612215739,980200002236,NULL
45,98020,98020,2237,0980314,8668,9802009803148668,980200002237,NULL
45,98020,98020,2238,1499812,0142,9802014998120142,980200002238,NULL
45,98020,98020,2239,5082257,8238,9802050822578238,980200002239,NULL
45,98020,98020,2240,4359020,6389,9802043590206389,980200002240,NULL
45,98020,98020,2241,2724344,6898,9802027243446898,980200002241,NULL
45,98020,98020,2242,4122489,2855,9802041224892855,980200002242,NULL
45,98020,98020,2243,6594307,2606,9802065943072606,980200002243,NULL
45,98020,98020,2244,4563065,5046,9802045630655046,980200002244,NULL
45,98020,98020,2245,5655559,7873,9802056555597873,980200002245,NULL
45,98020,98020,2246,7181061,5626,9802071810615626,980200002246,NULL
45,98020,98020,2247,5373071,2725,9802053730712725,980200002247,NULL
45,98020,98020,2248,2248877,9566,9802022488779566,980200002248,NULL
45,98020,98020,2249,9050467,6546,9802090504676546,980200002249,NULL
45,98020,98020,2250,2916046,0944,9802029160460944,980200002250,NULL
45,98020,98020,2251,9208995,6038,9802092089956038,980200002251,NULL
45,98020,98020,2252,5098265,7103,9802050982657103,980200002252,NULL
45,98020,98020,2253,8586603,6651,9802085866036651,980200002253,NULL
45,98020,98020,2254,9462480,5217,9802094624805217,980200002254,NULL
45,98020,98020,2255,0029068,3366,9802000290683366,980200002255,NULL
45,98020,98020,2256,3548384,1322,9802035483841322,980200002256,NULL
45,98020,98020,2257,4966663,6268,9802049666636268,980200002257,NULL
45,98020,98020,2258,5203711,0351,9802052037110351,980200002258,NULL
45,98020,98020,2259,3968043,6621,9802039680436621,980200002259,NULL
45,98020,98020,2260,9943863,2525,9802099438632525,980200002260,NULL
45,98020,98020,2261,8577404,0274,9802085774040274,980200002261,NULL
45,98020,98020,2262,8614924,5994,9802086149245994,980200002262,NULL
45,98020,98020,2263,6237039,1070,9802062370391070,980200002263,NULL
45,98020,98020,2264,8767474,7909,9802087674747909,980200002264,NULL
45,98020,98020,2265,0968877,6641,9802009688776641,980200002265,NULL
45,98020,98020,2266,0287320,0626,9802002873200626,980200002266,NULL
45,98020,98020,2267,6302612,0426,9802063026120426,980200002267,NULL
45,98020,98020,2268,2021730,1363,9802020217301363,980200002268,NULL
45,98020,98020,2269,8603434,8572,9802086034348572,980200002269,NULL
45,98020,98020,2270,8596819,7146,9802085968197146,980200002270,NULL
45,98020,98020,2271,3117748,7407,9802031177487407,980200002271,NULL
45,98020,98020,2272,0087862,3495,9802000878623495,980200002272,NULL
45,98020,98020,2273,3658007,4742,9802036580074742,980200002273,NULL
45,98020,98020,2274,5188832,6025,9802051888326025,980200002274,NULL
45,98020,98020,2275,9327841,4938,9802093278414938,980200002275,NULL
45,98020,98020,2276,2541137,6467,9802025411376467,980200002276,NULL
45,98020,98020,2277,9253982,0594,9802092539820594,980200002277,NULL
45,98020,98020,2278,8339206,0113,9802083392060113,980200002278,NULL
45,98020,98020,2279,5023040,0983,9802050230400983,980200002279,NULL
45,98020,98020,2280,8136922,0736,9802081369220736,980200002280,NULL
45,98020,98020,2281,7705212,2395,9802077052122395,980200002281,NULL
45,98020,98020,2282,2620672,3947,9802026206723947,980200002282,NULL
45,98020,98020,2283,8894995,9329,9802088949959329,980200002283,NULL
45,98020,98020,2284,2979938,5595,9802029799385595,980200002284,NULL
45,98020,98020,2285,7951140,8332,9802079511408332,980200002285,NULL
45,98020,98020,2286,3695789,9747,9802036957899747,980200002286,NULL
45,98020,98020,2287,0259003,2211,9802002590032211,980200002287,NULL
45,98020,98020,2288,0211025,0657,9802002110250657,980200002288,NULL
45,98020,98020,2289,1545681,5727,9802015456815727,980200002289,NULL
45,98020,98020,2290,8177689,8256,9802081776898256,980200002290,NULL
45,98020,98020,2291,8924233,0499,9802089242330499,980200002291,NULL
45,98020,98020,2292,9855356,0479,9802098553560479,980200002292,NULL
45,98020,98020,2293,0093578,3100,9802000935783100,980200002293,NULL
45,98020,98020,2294,4824388,8608,9802048243888608,980200002294,NULL
45,98020,98020,2295,9779934,4599,9802097799344599,980200002295,NULL
45,98020,98020,2296,2116106,9170,9802021161069170,980200002296,NULL
45,98020,98020,2297,8062993,8012,9802080629938012,980200002297,NULL
45,98020,98020,2298,7245918,4742,9802072459184742,980200002298,NULL
45,98020,98020,2299,0243367,1167,9802002433671167,980200002299,NULL
45,98020,98020,2300,1870910,3818,9802018709103818,980200002300,NULL
45,98020,98020,2301,6201972,2107,9802062019722107,980200002301,NULL
45,98020,98020,2302,9210527,6411,9802092105276411,980200002302,NULL
45,98020,98020,2303,1685242,9790,9802016852429790,980200002303,NULL
45,98020,98020,2304,5474827,6653,9802054748276653,980200002304,NULL
45,98020,98020,2305,1070874,3462,9802010708743462,980200002305,NULL
45,98020,98020,2306,4052785,1519,9802040527851519,980200002306,NULL
45,98020,98020,2307,1526451,6558,9802015264516558,980200002307,NULL
45,98020,98020,2308,2796304,4014,9802027963044014,980200002308,NULL
45,98020,98020,2309,4138820,3667,9802041388203667,980200002309,NULL
45,98020,98020,2310,4945076,4920,9802049450764920,980200002310,NULL
45,98020,98020,2311,9677538,0932,9802096775380932,980200002311,NULL
45,98020,98020,2312,5607137,8543,9802056071378543,980200002312,NULL
45,98020,98020,2313,0853815,9818,9802008538159818,980200002313,NULL
45,98020,98020,2314,4668385,7042,9802046683857042,980200002314,NULL
45,98020,98020,2315,3805049,8146,9802038050498146,980200002315,NULL
45,98020,98020,2316,9960242,6035,9802099602426035,980200002316,NULL
45,98020,98020,2317,2327745,8065,9802023277458065,980200002317,NULL
45,98020,98020,2318,0913144,5729,9802009131445729,980200002318,NULL
45,98020,98020,2319,2378486,5810,9802023784865810,980200002319,NULL
45,98020,98020,2320,9020275,9271,9802090202759271,980200002320,NULL
45,98020,98020,2321,5217180,5477,9802052171805477,980200002321,NULL
45,98020,98020,2322,7113374,7569,9802071133747569,980200002322,NULL
45,98020,98020,2323,0987210,2588,9802009872102588,980200002323,NULL
45,98020,98020,2324,5891331,1179,9802058913311179,980200002324,NULL
45,98020,98020,2325,8732509,9841,9802087325099841,980200002325,NULL
45,98020,98020,2326,5484657,1682,9802054846571682,980200002326,NULL
45,98020,98020,2327,1310319,6757,9802013103196757,980200002327,NULL
45,98020,98020,2328,0387940,3693,9802003879403693,980200002328,NULL
45,98020,98020,2329,1961754,6411,9802019617546411,980200002329,NULL
45,98020,98020,2330,1784515,0279,9802017845150279,980200002330,NULL
45,98020,98020,2331,4856134,3053,9802048561343053,980200002331,NULL
45,98020,98020,2332,5314643,3254,9802053146433254,980200002332,NULL
45,98020,98020,2333,3735811,6053,9802037358116053,980200002333,NULL
45,98020,98020,2334,7937184,7355,9802079371847355,980200002334,NULL
45,98020,98020,2335,8828737,4792,9802088287374792,980200002335,NULL
45,98020,98020,2336,8545617,8699,9802085456178699,980200002336,NULL
45,98020,98020,2337,7216318,8419,9802072163188419,980200002337,NULL
45,98020,98020,2338,2744097,2258,9802027440972258,980200002338,NULL
45,98020,98020,2339,8279902,2189,9802082799022189,980200002339,NULL
45,98020,98020,2340,8980620,8107,9802089806208107,980200002340,NULL
45,98020,98020,2341,1455403,5221,9802014554035221,980200002341,NULL
45,98020,98020,2342,9240430,0805,9802092404300805,980200002342,NULL
45,98020,98020,2343,9127700,1565,9802091277001565,980200002343,NULL
45,98020,98020,2344,6984191,9462,9802069841919462,980200002344,NULL
45,98020,98020,2345,2213508,2935,9802022135082935,980200002345,NULL
45,98020,98020,2346,9059542,0887,9802090595420887,980200002346,NULL
45,98020,98020,2347,7110828,0786,9802071108280786,980200002347,NULL
45,98020,98020,2348,3955979,2286,9802039559792286,980200002348,NULL
45,98020,98020,2349,5874482,6080,9802058744826080,980200002349,NULL
45,98020,98020,2350,4042258,0106,9802040422580106,980200002350,NULL
45,98020,98020,2351,4620887,7897,9802046208877897,980200002351,NULL
45,98020,98020,2352,6367577,5215,9802063675775215,980200002352,NULL
45,98020,98020,2353,5820869,2499,9802058208692499,980200002353,NULL
45,98020,98020,2354,3330374,8702,9802033303748702,980200002354,NULL
45,98020,98020,2355,4361982,3990,9802043619823990,980200002355,NULL
45,98020,98020,2356,6657997,5039,9802066579975039,980200002356,NULL
45,98020,98020,2357,8753205,1239,9802087532051239,980200002357,NULL
45,98020,98020,2358,2800261,9741,9802028002619741,980200002358,NULL
45,98020,98020,2359,7857499,2208,9802078574992208,980200002359,NULL
45,98020,98020,2360,1729158,4476,9802017291584476,980200002360,NULL
45,98020,98020,2361,9822662,1039,9802098226621039,980200002361,NULL
45,98020,98020,2362,4993865,5161,9802049938655161,980200002362,NULL
45,98020,98020,2363,0458518,6762,9802004585186762,980200002363,NULL
45,98020,98020,2364,1855188,2741,9802018551882741,980200002364,NULL
45,98020,98020,2365,3525937,9192,9802035259379192,980200002365,NULL
45,98020,98020,2366,1153876,7820,9802011538767820,980200002366,NULL
45,98020,98020,2367,8369657,8000,9802083696578000,980200002367,NULL
45,98020,98020,2368,1213018,5999,9802012130185999,980200002368,NULL
45,98020,98020,2369,4121019,7707,9802041210197707,980200002369,NULL
45,98020,98020,2370,2156083,5205,9802021560835205,980200002370,NULL
45,98020,98020,2371,9508879,1892,9802095088791892,980200002371,NULL
45,98020,98020,2372,6806949,1766,9802068069491766,980200002372,NULL
45,98020,98020,2373,9616211,7772,9802096162117772,980200002373,NULL
45,98020,98020,2374,1139622,3833,9802011396223833,980200002374,NULL
45,98020,98020,2375,4646179,6958,9802046461796958,980200002375,NULL
45,98020,98020,2376,5378091,8065,9802053780918065,980200002376,NULL
45,98020,98020,2377,8627588,4434,9802086275884434,980200002377,NULL
45,98020,98020,2378,1819988,7631,9802018199887631,980200002378,NULL
45,98020,98020,2379,4532708,7610,9802045327087610,980200002379,NULL
45,98020,98020,2380,4392262,4846,9802043922624846,980200002380,NULL
45,98020,98020,2381,6387477,5149,9802063874775149,980200002381,NULL
45,98020,98020,2382,1040720,6084,9802010407206084,980200002382,NULL
45,98020,98020,2383,4277628,5738,9802042776285738,980200002383,NULL
45,98020,98020,2384,6437644,3012,9802064376443012,980200002384,NULL
45,98020,98020,2385,3426603,5418,9802034266035418,980200002385,NULL
45,98020,98020,2386,7030219,6806,9802070302196806,980200002386,NULL
45,98020,98020,2387,9942949,4877,9802099429494877,980200002387,NULL
45,98020,98020,2388,5281602,3189,9802052816023189,980200002388,NULL
45,98020,98020,2389,4499801,6420,9802044998016420,980200002389,NULL
45,98020,98020,2390,8634840,6413,9802086348406413,980200002390,NULL
45,98020,98020,2391,8131042,5293,9802081310425293,980200002391,NULL
45,98020,98020,2392,5042697,3876,9802050426973876,980200002392,NULL
45,98020,98020,2393,4105617,8084,9802041056178084,980200002393,NULL
45,98020,98020,2394,7743833,6321,9802077438336321,980200002394,NULL
45,98020,98020,2395,7762701,2147,9802077627012147,980200002395,NULL
45,98020,98020,2396,8347683,2114,9802083476832114,980200002396,NULL
45,98020,98020,2397,2327063,1072,9802023270631072,980200002397,NULL
45,98020,98020,2398,9547749,0098,9802095477490098,980200002398,NULL
45,98020,98020,2399,4396303,6108,9802043963036108,980200002399,NULL
45,98020,98020,2400,6319741,6967,9802063197416967,980200002400,NULL
45,98020,98020,2401,0886392,6831,9802008863926831,980200002401,NULL
45,98020,98020,2402,8280322,2775,9802082803222775,980200002402,NULL
45,98020,98020,2403,0412125,2268,9802004121252268,980200002403,NULL
45,98020,98020,2404,0612946,4878,9802006129464878,980200002404,NULL
45,98020,98020,2405,0013700,1756,9802000137001756,980200002405,NULL
45,98020,98020,2406,7685273,5190,9802076852735190,980200002406,NULL
45,98020,98020,2407,2480238,3323,9802024802383323,980200002407,NULL
45,98020,98020,2408,3543021,0431,9802035430210431,980200002408,NULL
45,98020,98020,2409,1958209,3423,9802019582093423,980200002409,NULL
45,98020,98020,2410,2504400,9667,9802025044009667,980200002410,NULL
45,98020,98020,2411,7712852,6207,9802077128526207,980200002411,NULL
45,98020,98020,2412,6316374,2941,9802063163742941,980200002412,NULL
45,98020,98020,2413,4547618,8938,9802045476188938,980200002413,NULL
45,98020,98020,2414,0371997,6098,9802003719976098,980200002414,NULL
45,98020,98020,2415,9059855,5622,9802090598555622,980200002415,NULL
45,98020,98020,2416,4098941,9920,9802040989419920,980200002416,NULL
45,98020,98020,2417,6778559,4002,9802067785594002,980200002417,NULL
45,98020,98020,2418,2990236,0261,9802029902360261,980200002418,NULL
45,98020,98020,2419,8757267,3645,9802087572673645,980200002419,NULL
45,98020,98020,2420,4945320,0823,9802049453200823,980200002420,NULL
45,98020,98020,2421,5691660,5258,9802056916605258,980200002421,NULL
45,98020,98020,2422,3354050,9867,9802033540509867,980200002422,NULL
45,98020,98020,2423,3838986,6989,9802038389866989,980200002423,NULL
45,98020,98020,2424,9997567,0714,9802099975670714,980200002424,NULL
45,98020,98020,2425,4997697,6735,9802049976976735,980200002425,NULL
45,98020,98020,2426,1337375,3477,9802013373753477,980200002426,NULL
